#CurlViewPagerUI Expanded
#CurlViewPagerUI Anywhere
Viewpager dengan transisi Curl menggunakan PageTranformer
tanpa menggunakan OpenGL

*buka bahan/res/layout/ 
tempatkan layout_halaman_curl_1.xml s/d layout_halaman_curl_5.xml difolder res/layout/ di hasil Decompile SystemUI.apk
*buka bahan/res/drawable/
tempatkan atau letakkan github_logo.png, kartu.9.png, kertas.9.png, putih_maaadr.png, dan sampul_mykodetutorial.png ke folder res/drawable

*buka bahan/smali/
tempatkan folder android dan folder com difolder smali hasil decompile SystemUI.apk

*untuk isi halaman page2 s/d page5 yaitu 
<include layout="@layout/layout_halaman_curl_2"/>
bisa dihilangkan karena hanya sebagai contoh untuk mengisi page yang kosong saja.

*kode utama di expanded, letakkan di expanded atau dimana saja boleh deh...
=============================
=============================
    <!-- Pembuka CurlViewpagerui -->
	<com.mykodetutorial.curlviewpagerui.ViewPagerCurl android:id="@+id/id_viewpager_curl" android:layout_width="match_parent" android:layout_height="match_parent">
      
	  <!--page1 dari sini-->
	  <com.mykodetutorial.curlviewpagerui.HalamanCurlFrameLayout android:id="@+id/id_halaman_curl_1" android:layout_width="match_parent" android:layout_height="match_parent" android:orientation="vertical">
        <LinearLayout android:orientation="vertical" android:layout_width="fill_parent" android:layout_height="fill_parent">
          <!--isi page 1, notif dan lainnya disini-->
        </LinearLayout>
      </com.mykodetutorial.curlviewpagerui.HalamanCurlFrameLayout>
	  <!--page1 selesai-->
      
	  <!--page2 dari sini-->
	  <com.mykodetutorial.curlviewpagerui.HalamanCurlFrameLayout android:id="@+id/id_halaman_curl_2" android:layout_width="match_parent" android:layout_height="match_parent" android:orientation="vertical">
        <!--isi page 2 dari sini-->
		<include layout="@layout/layout_halaman_curl_2"/>
		<!--isi page 2 selesai disni-->
      </com.mykodetutorial.curlviewpagerui.HalamanCurlFrameLayout>
	  <!--page2 selesai-->
      
	  <!--page3 dari sini-->
	  <com.mykodetutorial.curlviewpagerui.HalamanCurlFrameLayout android:id="@+id/id_halaman_curl_3" android:layout_width="match_parent" android:layout_height="match_parent" android:orientation="vertical">
        <!--isi page 3 dari sini-->
		<include layout="@layout/layout_halaman_curl_3"/>
		<!--isi page 3 selesai disni-->
      </com.mykodetutorial.curlviewpagerui.HalamanCurlFrameLayout>
	  <!--page3 selesai-->
	  
	  <!--page4 dari sini-->
      <com.mykodetutorial.curlviewpagerui.HalamanCurlFrameLayout android:id="@+id/id_halaman_curl_4" android:layout_width="match_parent" android:layout_height="match_parent" android:orientation="vertical">
        <!--isi page 4 dari sini-->
		<include layout="@layout/layout_halaman_curl_4"/>
		<!--isi page 4 selesai disni-->
      </com.mykodetutorial.curlviewpagerui.HalamanCurlFrameLayout>
	  <!--page4 selesai-->
	  
	  <!--page5 dari sini-->
      <com.mykodetutorial.curlviewpagerui.HalamanCurlFrameLayout android:id="@+id/id_halaman_curl_5" android:layout_width="match_parent" android:layout_height="match_parent" android:orientation="vertical">
        <!--isi page 5 dari sini-->
		<include layout="@layout/layout_halaman_curl_5"/>
		<!--isi page 5 selesai disini-->
      </com.mykodetutorial.curlviewpagerui.HalamanCurlFrameLayout>
	  <!--page5 selesai-->
	  
    </com.mykodetutorial.curlviewpagerui.ViewPagerCurl>
	<!-- penutup CurlViewpagerui -->
=============================
=============================

*buka res/values/colors.xml dan tambahin kode ini diatas </resources>

    <color name="warna_belakang">#ff443a7d</color>
    <color name="warna_bingkai_belakang">#ff443a7d</color>
	
*terimakasih
*credit: anu